optical_r,optical_g,optical_b,conductivity_mv,purity
164,177,191,277,64.82410862512809
145,207,177,144,80.42740664642241
169,108,151,118,81.1379003950002
195,166,130,199,74.51019235180479
142,130,170,182,69.93192666523106
142,135,161,154,83.96646853686468
197,132,176,269,68.55602737681112
173,124,169,295,63.01455684465904
135,151,181,208,80.14622834216203
166,125,133,347,67.08785068813279
136,158,189,85,80.41220067815512
136,148,155,180,77.13637610716893
157,142,212,128,79.50428825106351
92,122,129,13,88.65048449445567
98,132,202,191,78.94737420965875
133,172,155,187,78.13086930613599
119,165,130,351,60.27742579344695
159,120,135,263,60.98068817796623
122,152,140,97,91.47709015104613
107,172,162,385,51.45370802573264
193,99,165,322,62.64966315133164
143,166,132,258,73.53688468979097
152,130,149,177,87.95329297919326
107,167,214,104,76.85589800440444
133,127,201,162,64.15243922089587
153,95,163,308,66.56924772376847
115,101,151,388,65.95255590755426
161,151,153,354,70.04473176469719
131,157,168,151,83.74829707637313
141,122,119,88,85.34181907183977
131,169,142,214,80.33561298318654
205,100,99,23,85.03226900147766
149,148,161,232,78.4817888467811
118,113,169,185,79.62735079583314
174,130,135,153,87.05104953749439
113,151,197,40,100.0
156,124,113,251,73.41207983589385
91,138,106,146,77.1051818714625
110,180,156,83,87.77212843904003
155,132,181,0,88.4546204755544
172,175,200,197,71.97643434455472
155,116,136,377,57.60358780943447
146,165,182,366,58.22955801032703
140,193,148,154,82.61177436016861
105,75,144,139,75.687900338089
128,126,176,246,77.40515333662236
136,167,169,100,87.50103532459099
181,143,102,230,72.65349839430687
160,161,194,276,67.51052641743541
97,131,191,322,62.925953419294885
159,152,131,189,83.72549132333816
138,145,161,179,76.3643489214455
129,185,164,112,82.00941755462371
168,157,157,117,85.18136985611667
180,160,133,177,72.72064538263393
177,137,129,236,69.25371070139252
124,135,149,291,66.41889563227672
140,137,185,119,89.57194590356363
159,161,166,349,64.61280664500963
179,137,138,172,81.06794955683772
135,158,173,197,82.25448981083984
144,212,64,125,79.11314105800302
116,176,184,0,97.25232424964445
114,140,97,288,65.73389123533752
174,186,139,273,70.47681174699815
190,137,116,171,75.63620671194208
147,88,111,206,62.00591420861786
180,119,184,251,69.47860418906849
160,93,135,43,98.71374068049971
130,139,160,147,87.88107701120796
160,150,148,279,76.32698742295585
196,200,164,74,93.28065360903108
148,159,152,229,76.89328795480719
196,143,111,64,89.98657853702798
71,174,179,246,65.71174052282825
174,83,135,196,73.51963571986477
152,157,103,38,96.47885574885572
141,173,137,316,72.16942218584407
152,105,195,126,82.10276862159502
90,184,175,118,79.99905367574294
143,160,139,220,76.602639794283
160,137,139,314,69.90603374464557
194,168,140,98,79.38072591933229
134,218,212,206,60.61909523431382
125,155,161,242,70.99731575254208
134,157,162,269,65.24643787042922
177,136,180,217,72.20929901176345
159,124,157,163,80.86109840591266
134,174,142,117,83.63375795488493
165,124,144,208,84.11233767235373
152,152,147,92,92.08372382301161
179,135,148,0,99.20237179805414
128,164,171,243,75.96103572021701
140,160,151,290,64.25583441109616
138,181,171,0,100.0
106,134,147,99,86.57117856732269
158,141,152,261,76.30240308620607
157,120,90,405,49.29071383479922
150,136,177,202,69.98120616991967
142,161,160,127,89.93944829012514
107,172,179,181,79.08204763048758
137,122,63,337,55.389742228212434
139,176,212,135,77.20168459362654
125,190,145,120,90.12717392207385
145,162,183,151,76.45294053566337
162,206,118,104,92.81336476627982
206,126,168,212,69.39689632676065
155,112,118,362,63.24195962804191
157,96,131,232,71.15690762125507
147,194,207,174,80.41593715541171
92,169,144,170,76.12942998942903
149,148,156,43,94.43603546963854
151,158,176,288,69.6545958769786
223,116,164,192,69.73906272109262
144,223,154,181,81.45412172710063
159,153,160,519,44.43393216764207
148,153,222,229,72.10700042329991
114,171,148,124,79.67825312695744
184,164,156,157,68.78833170602344
172,156,181,314,64.69486118699916
173,126,183,211,86.96307710806457
122,164,185,56,94.47302143949011
192,206,169,291,64.95369810132804
107,190,115,133,79.48554585395866
167,197,199,387,55.76232946406022
215,134,115,308,66.13559557587605
120,120,159,155,75.14593592345577
133,146,127,328,70.57160847334434
152,151,148,206,82.72690657720624
134,182,159,285,72.24092862853968
103,99,159,248,72.04237869404865
152,195,162,115,85.64808328846996
118,145,198,135,85.6143061798341
164,137,163,302,70.75907066870687
122,119,142,166,78.27979644529488
196,100,178,159,75.03199113551548
126,174,185,104,85.95928147630993
140,152,113,242,81.09510075747595
174,111,167,406,49.20446462173049
113,111,171,93,78.51237367123781
156,139,141,202,79.32380420618259
189,200,191,341,59.6544385092801
101,142,145,192,78.56670832185203
155,104,153,245,74.01976598954249
157,142,144,93,88.53398872682598
173,141,150,242,81.6493171930104
112,69,117,181,66.29548010761742
110,148,106,298,61.757514876098774
165,143,197,318,64.23372619925478
158,170,124,458,43.284055944229166
157,205,120,257,68.82072797783965
160,183,85,232,79.70735082864007
129,141,130,219,75.70443244147981
156,116,110,164,80.75350452859341
158,227,199,233,63.6991761741371
128,151,180,170,77.26819295980262
205,150,129,216,72.72401809838033
164,149,217,331,61.211424516218834
114,155,179,99,93.00821897501883
169,145,140,313,69.78845530362562
120,132,75,331,55.19271021531484
173,133,218,188,77.03252389216001
184,149,108,0,98.64110874248394
125,133,100,139,87.20074519260633
178,128,180,329,71.00270343284186
162,153,223,197,70.82452904086065
174,142,191,100,82.2957124439483
206,195,166,149,72.96211070542692
142,70,167,284,65.17990070446508
127,182,175,254,72.93179187223167
123,187,172,176,83.03667258294553
125,87,158,163,78.52024488178738
147,139,153,160,81.55076238372577
160,138,148,107,88.85878996124372
158,107,127,361,56.02428549184989
174,126,141,167,90.89769360847386
150,116,99,321,55.61169486440971
193,202,147,352,60.82370289447862
142,178,120,299,76.91803109614818
231,188,116,156,76.78399922279999
168,171,155,240,72.84980482499253
124,116,191,197,73.46277288594787
117,134,177,109,84.39804159118796
164,164,102,232,79.86424237338264
143,113,120,82,77.04069044335247
171,171,178,318,72.36716850648163
164,142,120,153,74.98021423774927
147,138,143,220,75.56673835382793
124,171,166,228,71.9037778985067
104,163,120,174,81.09276634885359
136,139,153,258,64.80937824058125
175,184,109,152,82.11086333040971
156,117,131,287,78.52154811643425
112,168,159,65,83.43412997703594
155,167,102,212,76.24853083805198
161,140,163,393,55.69008911101695
123,159,149,99,90.37943603096518
154,112,166,132,83.99573888707876
151,177,156,251,69.99256545477847
115,144,190,217,76.68936142435537
160,134,153,235,84.07174054893372
166,181,137,248,71.2454810413635
182,128,153,263,74.44878971074093
181,107,166,310,58.03363521064418
108,103,151,240,66.71781811590998
121,168,151,175,82.46203138940189
165,111,128,267,76.92058014267982
165,202,130,389,58.52806674392829
165,87,107,186,73.78470984738422
255,200,202,102,79.44645702711678
167,156,112,310,59.697961330151415
184,147,129,187,81.42257663177682
178,133,128,0,100.0
169,161,176,284,66.5395483358346
140,148,141,146,81.9997892612025
172,183,187,190,77.72939114826025
126,153,129,233,72.11640131979702
142,154,158,219,76.76933692687086
135,139,124,270,80.89860894583258
152,148,214,156,79.76487149627003
219,159,114,251,67.40829923989389
93,98,159,174,73.4622909718242
170,109,169,273,72.42095985749968
101,172,162,261,68.8438791339095
135,155,144,106,84.85313480839288
182,144,146,308,73.70652016136506
151,150,151,146,92.3980150225682
117,160,145,280,66.59788217130647
128,133,178,236,63.71730024319693
170,126,216,383,61.23756844918461
128,155,133,177,76.67685087119999
156,120,108,165,83.55312799581385
151,162,147,198,69.54948091144082
130,98,227,169,80.11298669149656
214,180,125,279,60.09414035359609
169,164,199,38,95.75382059533261
89,157,200,94,84.77136533918217
155,179,133,93,83.38030290301678
130,199,167,295,64.1648184353661
175,180,198,371,61.181592284783505
126,94,138,189,77.02947226557617
146,111,143,183,82.12206490236242
165,131,132,207,86.58220292257741
175,150,119,316,57.77879194144475
113,165,130,107,93.78606287484313
139,128,113,223,74.72177968761608
135,155,151,297,64.75607975838436
130,127,126,250,64.99843187130504
202,131,157,218,73.35439804611484
162,107,103,300,69.5082505596223
112,122,159,0,95.61225439811231
177,109,175,267,76.20577465123674
213,120,90,134,71.69412154974219
180,181,161,16,94.73955526076973
104,121,186,251,63.088032777934416
135,228,113,337,61.618159413124836
188,164,200,186,80.7344369504865
128,155,162,295,66.44619103159475
163,124,128,361,47.828930716864335
173,171,148,331,65.59474073398248
122,132,166,363,62.78369275866755
148,153,152,274,74.27147377480848
52,226,166,207,75.97891095911076
119,147,122,39,87.64473160175474
142,184,155,175,83.55108052725224
112,128,107,115,89.31253756238986
198,148,146,417,46.707062079967415
107,203,122,182,77.19825912959486
136,131,127,212,73.47910084496164
153,204,187,255,69.39238663449177
193,171,182,204,76.53838241769168
106,133,168,369,56.71385717943224
184,168,117,137,78.67145960419192
150,179,140,219,76.32076208744012
120,168,186,125,77.86377030568599
163,102,154,67,84.62087435557406
155,128,219,138,84.79686641478253
131,142,161,196,72.75602982420672
152,147,155,157,87.13156250454605
138,168,140,130,87.31295646426976
153,155,154,59,84.870966356047
169,109,145,191,74.26217673832173
197,161,171,49,97.12054701523687
112,168,178,276,63.29417234430158
213,166,126,208,71.72797868845306
91,182,110,54,90.36030446625948
145,175,94,169,82.71695254641297
167,163,165,124,84.09230556977752
158,147,116,231,71.66244902654178
131,100,85,334,67.01184930849253
143,162,161,12,100.0
135,156,224,211,79.04429025390898
132,158,149,183,80.77659071282511
175,111,175,267,64.80867139179536
160,117,152,221,71.49777796721717
129,181,147,124,87.46257052632878
176,148,177,168,82.54199110444344
159,170,141,120,93.10799296473215
174,150,158,307,70.95225046268068
168,150,159,202,70.9345984912009
125,178,129,390,62.559738088614594
133,134,179,193,72.60969686342794
172,152,144,129,83.68014364023826
168,136,127,48,93.70100103125846
149,136,166,19,100.0
153,140,123,41,100.0
188,156,150,226,78.23361529568092
132,135,149,250,72.38401690639806
166,187,182,41,94.32252824240277
143,123,164,289,73.13827712936919
143,144,149,151,82.59666187221406
182,136,174,214,84.07605677956161
174,193,191,361,59.65035379595701
174,155,166,289,71.33871544545697
189,180,150,173,82.5796212602723
150,105,110,110,86.85793305307227
170,158,118,0,100.0
140,176,140,128,81.81373406726539
159,152,131,178,77.90849123026985
146,181,144,101,82.34922883514153
152,134,151,186,82.64750615310115
167,192,165,207,79.49468251756058
125,218,147,177,79.78886433075941
212,139,164,134,90.62246216673769
119,136,151,216,76.07201990585477
113,193,90,244,71.94370827796256
184,197,121,90,80.04149561930343
173,134,145,341,61.764501487627996
168,137,113,190,81.07768878782888
168,141,167,201,81.94551055371572
149,109,195,270,67.1801652616791
123,122,186,223,72.79200374070967
152,119,143,295,60.91063126659597
129,126,194,228,70.96485399596695
179,148,154,138,88.90191581759893
145,157,139,236,78.12602508053284
125,196,131,85,89.50332860690605
140,120,140,210,76.7488684359048
162,179,138,196,77.7853157931409
133,143,155,179,77.34839430263277
125,148,154,187,83.24414210101267
157,170,150,11,99.65486472194696
157,116,163,145,85.26009423996399
134,161,185,209,73.3698257866621
135,154,178,215,65.38328540064377
156,164,105,97,92.53576355876848
106,158,73,326,58.55581271995798
107,223,178,113,77.18612117978438
128,130,108,296,69.66739455956998
143,134,143,242,72.33993680040436
159,131,114,135,88.59968192023311
194,133,95,377,59.58502974788348
175,130,166,80,92.3678466160024
145,185,172,291,60.97022144399734
149,192,132,300,73.00971992693201
119,132,72,132,81.75625265616927
149,125,133,339,62.10361430376898
141,164,161,174,81.61694233671125
159,133,105,228,64.76882383550841
125,168,155,226,77.04326405740335
165,156,149,186,75.15314245908965
195,104,167,281,59.73664857078234
146,196,153,279,61.838204068910535
162,203,120,25,98.31344187494963
170,131,185,330,60.153683031536055
137,138,145,33,100.0
156,158,149,303,66.27099268473852
150,160,122,312,58.363210212035256
152,169,136,90,83.6673778002567
126,210,123,158,84.8290581000347
150,144,144,89,89.72050911031667
164,126,201,178,75.00856351754699
193,108,108,169,77.55009112926393
178,128,101,277,69.85891368083772
214,149,194,331,67.03699407951231
126,203,143,339,69.14249614946462
176,134,129,143,80.75115677105458
155,156,181,179,73.36976156958981
215,149,131,31,90.58267419438363
125,185,204,119,83.70140253291443
124,225,170,296,59.53120536894696
132,134,135,361,56.66424542552479
86,135,214,76,86.96893940774943
134,181,131,140,82.45673824214775
127,170,172,197,77.21398497705793
154,205,158,228,70.05752332649965
160,167,189,119,83.64799642897115
206,139,196,242,65.52883427865848
178,167,150,152,87.00099205562393
132,183,127,198,81.67624667361875
123,174,163,254,62.16906068880952
164,165,129,200,72.85244569903794
110,182,210,156,70.31735372454962
204,185,154,189,73.1998803279655
185,191,139,191,76.1328101510482
135,169,155,162,74.60177390150734
98,144,109,174,73.04070093437345
190,154,120,359,55.3802131395925
146,186,186,256,71.63633664699474
187,125,130,170,79.24672168518126
102,161,118,269,64.94131223331372
132,138,166,166,81.984104360697
150,150,185,317,63.81659957706367
151,188,171,236,72.04172444836973
136,155,179,189,87.06726045149267
168,151,127,244,80.20230525895172
117,109,107,42,83.452093815362
145,172,195,87,91.84866208939587
153,169,140,80,94.45698277245795
165,214,142,214,68.50868355623689
171,140,189,373,63.2938882187743
116,156,166,423,62.58965959206276
103,157,163,263,64.73727596877794
188,197,214,250,62.962485894928676
159,147,130,19,100.0
127,158,177,145,83.95747655412823
196,168,151,121,87.40738137619762
153,155,158,137,87.20294608200247
185,136,195,183,78.95347960464072
152,155,165,152,77.06763935844458
211,182,166,2,99.58658853310725
202,119,182,274,72.69794996213888
142,153,139,92,88.55304627965985
179,128,124,223,73.6326152509307
169,185,118,407,47.34446248722138
191,104,91,108,84.47127378008918
121,133,211,0,97.51028720857073
170,161,116,171,79.33904491500346
181,196,143,310,70.42176679935253
97,148,141,395,55.629613845100295
114,133,159,77,92.023029629468
88,206,174,249,62.901678306539424
141,106,175,153,80.68223924562881
171,84,132,189,74.97822871048581
195,163,144,464,51.52653961020471
152,134,158,49,91.95236535583321
198,119,142,225,72.49263702164166
108,171,198,246,73.98023585720755
98,157,164,308,63.36617881380892
148,133,172,209,69.01711449630662
161,111,169,230,82.2979195210271
149,176,185,160,87.80727039345244
87,169,155,226,66.58868652447191
147,147,111,165,84.69853902622596
110,205,161,262,65.98512614724328
170,117,130,163,81.3674360766553
160,104,134,237,74.17112064506748
121,129,167,197,75.7779609984184
134,148,187,312,62.13117167206803
118,157,150,194,75.1972947384187
148,142,159,22,92.26904042259378
178,160,201,326,58.79088895884778
120,112,157,109,85.01410854975322
165,193,228,134,76.22120005444623
134,147,166,140,87.6602603285631
126,183,97,337,68.23623077667963
146,160,172,0,95.29973379314978
118,163,161,513,47.097022502676886
133,167,188,305,68.39842555151468
114,163,170,222,76.71001135459636
208,169,145,194,76.87977633958042
151,189,113,228,77.06341209179863
129,155,143,252,75.5612447634033
156,171,124,264,64.76168788836351
146,147,132,255,77.59578032194635
143,193,167,208,80.28645418633371
168,129,200,180,73.73356947910709
172,204,161,184,77.43968917723801
134,148,114,180,82.71664496405536
132,107,163,313,63.95343090210318
141,153,185,259,77.11489023883004
80,129,131,0,100.0
104,175,145,265,65.77006983682509
191,130,150,219,68.14477698423113
199,136,126,198,77.36909297802437
142,93,169,161,83.30781252563072
167,136,146,312,65.89566813077616
159,77,162,294,73.16630331660517
242,102,123,122,72.75697100138376
183,172,136,240,76.01459311515805
146,173,171,102,84.37069589620552
121,162,138,62,99.74688953103649
101,120,201,137,89.76257676584059
156,148,138,286,66.56671706108328
127,149,156,295,66.2522143204571
107,115,177,251,73.94793943489901
130,195,107,272,65.46434675105242
117,176,97,251,69.07294391033881
200,143,104,135,81.47694210271206
176,150,187,243,62.95163421901173
149,156,133,280,70.73081126952883
194,88,226,275,59.951361129679135
152,142,133,318,64.38438588800115
124,129,155,270,77.61816001734408
195,119,196,235,64.11746552860373
166,141,210,307,69.11602593373988
118,203,211,197,71.60518534834095
144,169,186,111,84.45119915752083
123,132,180,183,81.90185948025857
108,167,167,125,85.40025647284448
